lens_name,z_l,z_s,theta_E_arcsec,theta_eff_arcsec,slit_width_arcsec,slit_length_arcsec,fiber_radius_arcsec,theta_ap_arcsec,sigma_ap_km_s,sigma_ap_err_km_s,survey_name
MG2016+112,1.004,3.263,1.56,0.31,1,1.25,,0.65,304,27,LSD
0047-281,0.485,3.595,1.34,0.82,0.4,1.25,,0.41,219,12,LSD
CFRS03.1077,0.938,2.941,1.24,1.60,0.5,1.25,,0.46,256,19,LSD
HST14176+5226,0.810,3.399,1.41,1.06,0.32,1.25,,0.37,212,18,LSD
HSTT15433+5352,0.497,2.092,0.36,0.41,0.3,1.25,,0.35,108,14,LSD
SL2SJ020524-93023,0.557,1.330,0.76,0.75,0.9,1.60,,0.69,276,37,SL2S
SL2SJ021247-055552,0.750,2.740,1.27,1.22,0.9,1.60,,0.69,273,22,SL2S
SL2SJ021325-074355,0.717,3.480,2.39,1.97,1.0,1.68,,0.75,293,34,SL2S
SL2SJ021411-040502,0.609,1.880,1.41,1.21,1.0,1.88,,0.79,287,47,SL2S
SL2SJ021737-051329,0.646,1.850,1.27,0.73,1.5,1.68,,0.92,239,27,SL2S
SL2SJ021801-080247,0.884,2.060,1.00,1.02,0.9,1.60,,0.69,246,48,SL2S
SL2SJ021902-082934,0.389,2.150,1.30,0.95,1.0,1.68,,0.75,289,23,SL2S
SL2SJ022046-094927,0.572,2.610,1.00,0.53,1.0,1.90,,0.80,254,29,SL2S
SL2SJ022511-045433,0.238,1.200,1.76,2.12,1.0,0.81,,0.52,234,21,SL2S
SL2SJ022610-042011,0.494,1.230,1.19,0.84,1.0,1.62,,0.74,263,24,SL2S
SL2SJ023251-040823,0.352,2.340,1.04,1.14,1.0,1.68,,0.75,281,26,SL2S
SL2SJ084847-035103,0.682,1.550,0.85,0.45,0.9,1.60,,0.69,197,21,SL2S
SL2SJ084909-041226,0.722,1.540,1.10,0.46,0.9,1.60,,0.69,320,24,SL2S
SL2SJ084959-025142,0.274,2.090,1.16,1.34,0.9,1.60,,0.69,276,35,SL2S
SL2SJ085540-014730,0.365,3.390,1.03,0.69,0.7,1.62,,0.62,222,25,SL2S
SL2SJ090407-005952,0.611,2.360,1.40,2.00,0.9,1.60,,0.69,183,21,SL2S
SL2SJ095921+020638,0.552,3.350,0.74,0.46,0.9,1.60,,0.69,188,22,SL2S
SL2SJ135949+553550,0.783,2.770,1.14,1.13,1.0,1.62,,0.74,228,29,SL2S
SL2SJ140454+520024,0.456,1.590,2.55,2.03,1.0,1.62,,0.74,342,20,SL2S
SL2SJ140546+524311,0.526,3.010,1.51,0.83,1.0,1.62,,0.74,284,21,SL2S
SL2SJ140650+522619,0.716,1.470,0.94,0.80,1.0,1.62,,0.74,253,19,SL2S
SL2SJ141137+565119,0.322,1.420,0.93,0.85,1.0,1.62,,0.74,214,23,SL2S
SL2SJ142059+563007,0.483,3.120,1.40,1.62,1.0,1.62,,0.74,228,19,SL2S
SL2SJ220329+020518,0.400,2.150,1.95,0.99,1.0,1.62,,0.74,213,21,SL2S
SL2SJ220506+014703,0.476,2.530,1.66,0.66,0.9,1.60,,0.69,317,30,SL2S
SL2SJ222148+011542,0.325,2.350,1.40,1.12,1.0,1.88,,0.79,222,23,SL2S
SDSSJ0008-0004,0.440,1.192,1.16,1.71,,,1.5,1.5,193,36,SLACS
SDSSJ0029-0055,0.227,0.931,0.96,2.16,,,1.5,1.5,229,18,SLACS
SDSSJ0037-0942,0.195,0.632,1.53,2.19,,,1.5,1.5,279,10,SLACS
SDSSJ0044+0113,0.120,0.197,0.79,2.61,,,1.5,1.5,266,13,SLACS
SDSSJ0109+1500,0.294,0.525,0.69,1.38,,,1.5,1.5,251,19,SLACS
SDSSJ0157-0056,0.513,0.924,0.79,1.06,,,1.5,1.5,295,47,SLACS
SDSSJ0216-0813,0.332,0.523,1.16,2.67,,,1.5,1.5,333,23,SLACS
SDSSJ0252+0039,0.280,0.982,1.04,1.39,,,1.5,1.5,164,12,SLACS
SDSSJ0330-0020,0.351,1.071,1.10,1.20,,,1.5,1.5,212,21,SLACS
SDSSJ0405-0455,0.075,0.810,0.80,1.36,,,1.5,1.5,160,7,SLACS
SDSSJ0728+3835,0.206,0.688,1.25,1.78,,,1.5,1.5,214,11,SLACS
SDSSJ0737+3216,0.322,0.581,1.00,2.82,,,1.5,1.5,338,16,SLACS
SDSSJ0822+2652,0.241,0.594,1.17,1.82,,,1.5,1.5,259,15,SLACS
SDSSJ0903+4116,0.430,1.065,1.29,1.78,,,1.5,1.5,223,27,SLACS
SDSSJ0912+0029,0.164,0.324,1.63,3.87,,,1.5,1.5,326,12,SLACS
SDSSJ0935-0003,0.347,0.467,0.87,4.24,,,1.5,1.5,396,35,SLACS
SDSSJ0936+0913,0.190,0.588,1.09,2.11,,,1.5,1.5,243,11,SLACS
SDSSJ0946+1006,0.222,0.609,1.38,2.35,,,1.5,1.5,263,21,SLACS
SDSSJ0956+5100,0.241,0.470,1.33,2.19,,,1.5,1.5,334,15,SLACS
SDSSJ0959+4416,0.237,0.531,0.96,1.98,,,1.5,1.5,244,19,SLACS
SDSSJ0959+0410,0.126,0.535,0.99,1.39,,,1.5,1.5,197,13,SLACS
SDSSJ1016+3859,0.168,0.439,1.09,1.46,,,1.5,1.5,247,13,SLACS
SDSSJ1020+1122,0.282,0.553,1.20,1.59,,,1.5,1.5,282,18,SLACS
SDSSJ1023+4230,0.191,0.696,1.41,1.77,,,1.5,1.5,242,15,SLACS
SDSSJ1029+0420,0.104,0.615,1.01,1.56,,,1.5,1.5,210,9,SLACS
SDSSJ1100+5329,0.317,0.858,1.52,2.24,,,1.5,1.5,187,23,SLACS
SDSSJ1106+5228,0.095,0.407,1.23,1.68,,,1.5,1.5,262,9,SLACS
SDSSJ1112+0826,0.273,0.629,1.49,1.50,,,1.5,1.5,320,20,SLACS
SDSSJ1134+6027,0.153,0.474,1.10,2.02,,,1.5,1.5,239,11,SLACS
SDSSJ1142+1001,0.222,0.504,0.98,1.91,,,1.5,1.5,221,22,SLACS
SDSSJ1143-0144,0.106,0.402,1.68,4.80,,,1.5,1.5,269,5,SLACS
SDSSJ1153+4612,0.180,0.875,1.05,1.16,,,1.5,1.5,226,15,SLACS
SDSSJ1204+0358,0.164,0.631,1.31,1.47,,,1.5,1.5,267,17,SLACS
SDSSJ1205+4910,0.215,0.481,1.22,2.59,,,1.5,1.5,281,13,SLACS
SDSSJ1213+6708,0.123,0.640,1.42,3.23,,,1.5,1.5,292,11,SLACS
SDSSJ1218+0830,0.135,0.717,1.45,3.18,,,1.5,1.5,219,10,SLACS
SDSSJ1250+0523,0.232,0.795,1.13,1.81,,,1.5,1.5,252,14,SLACS
SDSSJ1402+6321,0.205,0.481,1.35,2.70,,,1.5,1.5,267,17,SLACS
SDSSJ1403+0006,0.189,0.473,0.83,1.46,,,1.5,1.5,213,17,SLACS
SDSSJ1416+5136,0.299,0.811,1.37,1.43,,,1.5,1.5,240,25,SLACS
SDSSJ1420+6019,0.063,0.535,1.04,2.06,,,1.5,1.5,205,4,SLACS
SDSSJ1430+4105,0.285,0.575,1.52,2.55,,,1.5,1.5,322,32,SLACS
SDSSJ1436-0000,0.285,0.805,1.12,2.24,,,1.5,1.5,224,17,SLACS
SDSSJ1443+0304,0.134,0.419,0.81,0.94,,,1.5,1.5,209,11,SLACS
SDSSJ1451-0239,0.125,0.520,1.04,2.48,,,1.5,1.5,223,14,SLACS
SDSSJ1525+3327,0.358,0.717,1.31,2.90,,,1.5,1.5,264,26,SLACS
SDSSJ1531-0105,0.160,0.744,1.71,2.50,,,1.5,1.5,279,12,SLACS
SDSSJ1538+5817,0.143,0.531,1.00,1.58,,,1.5,1.5,189,12,SLACS
SDSSJ1621+3931,0.245,0.602,1.29,2.14,,,1.5,1.5,236,20,SLACS
SDSSJ1627-0053,0.208,0.524,1.23,1.98,,,1.5,1.5,290,14,SLACS
SDSSJ1630+4520,0.248,0.793,1.78,1.96,,,1.5,1.5,276,16,SLACS
SDSSJ1636+4707,0.228,0.675,1.09,1.68,,,1.5,1.5,231,15,SLACS
SDSSJ2238-0754,0.137,0.713,1.27,2.33,,,1.5,1.5,198,11,SLACS
SDSSJ2300+0022,0.228,0.463,1.24,1.83,,,1.5,1.5,279,17,SLACS
SDSSJ2303+1422,0.155,0.517,1.62,3.28,,,1.5,1.5,255,16,SLACS
SDSSJ2321-0939,0.082,0.532,1.60,4.11,,,1.5,1.5,249,8,SLACS
SDSSJ2341+0000,0.186,0.807,1.44,3.15,,,1.5,1.5,207,13,SLACS
SDSSJ0143-1006,0.2210,1.1046,1.23,3.24,,,1.5,1.5,203,17,S4TM
SDSSJ0159-0006,0.1584,0.7477,0.92,1.58,,,1.5,1.5,216,18,S4TM
SDSSJ0324+0045,0.3210,0.9199,0.55,1.67,,,1.5,1.5,183,19,S4TM
SDSSJ0324-0110,0.4456,0.6239,0.63,2.23,,,1.5,1.5,310,38,S4TM
SDSSJ0753+3416,0.1371,0.9628,1.23,1.89,,,1.5,1.5,208,12,S4TM
SDSSJ0754+1927,0.1534,0.7401,1.04,1.46,,,1.5,1.5,193,16,S4TM
SDSSJ0757+1956,0.1206,0.8326,1.62,3.67,,,1.5,1.5,206,11,S4TM
SDSSJ0826+5630,0.1318,1.2907,1.01,1.64,,,1.5,1.5,163,8,S4TM
SDSSJ0847+2348,0.1551,0.5327,0.96,1.54,,,1.5,1.5,199,16,S4TM
SDSSJ0851+0505,0.1276,0.6371,0.91,1.35,,,1.5,1.5,175,11,S4TM
SDSSJ0920+3028,0.2881,0.3918,0.70,4.25,,,1.5,1.5,297,17,S4TM
SDSSJ0955+3014,0.3214,0.4671,0.54,2.95,,,1.5,1.5,271,33,S4TM
SDSSJ0956+5539,0.1959,0.8483,1.17,1.96,,,1.5,1.5,188,11,S4TM
SDSSJ1010+3124,0.1668,0.4245,1.14,3.26,,,1.5,1.5,221,11,S4TM
SDSSJ1041+0112,0.1006,0.2172,0.60,2.50,,,1.5,1.5,200,7,S4TM
SDSSJ1048+1313,0.1330,0.6679,1.18,1.90,,,1.5,1.5,195,10,S4TM
SDSSJ1051+4439,0.1634,0.5380,0.99,1.66,,,1.5,1.5,216,16,S4TM
SDSSJ1056+4141,0.1343,0.8318,0.72,1.81,,,1.5,1.5,157,10,S4TM
SDSSJ1101+1523,0.1780,0.5169,1.18,0.89,,,1.5,1.5,270,15,S4TM
SDSSJ1116+0729,0.1697,0.6860,0.82,2.44,,,1.5,1.5,190,11,S4TM
SDSSJ1127+2312,0.1303,0.3610,1.25,2.69,,,1.5,1.5,230,9,S4TM
SDSSJ1137+1818,0.1241,0.4627,1.29,1.79,,,1.5,1.5,222,8,S4TM
SDSSJ1142+2509,0.1640,0.6595,0.79,1.51,,,1.5,1.5,159,10,S4TM
SDSSJ1144+0436,0.1036,0.2551,0.76,1.22,,,1.5,1.5,207,14,S4TM
SDSSJ1213+2930,0.0906,0.5954,1.35,1.73,,,1.5,1.5,232,7,S4TM
SDSSJ1301+0834,0.0902,0.5331,1.00,1.25,,,1.5,1.5,178,8,S4TM
SDSSJ1330+1750,0.2074,0.3717,1.01,2.85,,,1.5,1.5,250,12,S4TM
SDSSJ1403+3309,0.0625,0.7720,1.02,2.00,,,1.5,1.5,190,6,S4TM
SDSSJ1430+6104,0.1688,0.6537,1.00,2.24,,,1.5,1.5,180,15,S4TM
SDSSJ1433+2835,0.0912,0.4115,1.53,3.23,,,1.5,1.5,230,6,S4TM
SDSSJ1541+3642,0.1406,0.7389,1.17,1.55,,,1.5,1.5,194,11,S4TM
SDSSJ1543+2202,0.2681,0.3966,0.78,2.32,,,1.5,1.5,285,16,S4TM
SDSSJ1550+2020,0.1351,0.3501,1.01,1.68,,,1.5,1.5,243,9,S4TM
SDSSJ1553+3004,0.1604,0.5663,0.84,2.15,,,1.5,1.5,194,15,S4TM
SDSSJ1607+2147,0.2089,0.4865,0.57,2.63,,,1.5,1.5,197,16,S4TM
SDSSJ1633+1441,0.1281,0.5804,1.39,2.39,,,1.5,1.5,231,9,S4TM
SDSSJ2309-0039,0.2905,1.0048,1.14,2.08,,,1.5,1.5,184,13,S4TM
SDSSJ2324+0105,0.1899,0.2775,0.59,1.10,,,1.5,1.5,245,15,S4TM
SDSSJ0801+4727,0.483,1.518,0.49,0.50,,,1,1,98,24,BELLS
SDSSJ1234-0241,0.490,1.016,0.53,1.05,,,1,1,122,31,BELLS
SDSSJ1352+3216,0.463,1.034,1.82,0.58,,,1,1,161,21,BELLS
SDSSJ1159-0007,0.579,1.346,0.68,0.96,,,1,1,165,41,BELLS
SDSSJ1318-0104,0.659,1.396,0.68,0.69,,,1,1,177,27,BELLS
SDSSJ1349+3612,0.440,0.893,0.75,1.89,,,1,1,178,18,BELLS
SDSSJ1221+3806,0.535,1.284,0.70,0.47,,,1,1,187,48,BELLS
SDSSJ0944-0147,0.539,1.179,0.73,0.48,,,1,1,204,34,BELLS
SDSSJ1601+2138,0.544,1.446,0.86,0.44,,,1,1,207,36,BELLS
SDSSJ1542+1629,0.352,1.023,1.04,0.73,,,1,1,210,16,BELLS
SDSSJ0151+0049,0.517,1.364,0.68,0.67,,,1,1,219,39,BELLS
SDSSJ1337+3620,0.564,1.182,1.39,2.03,,,1,1,225,35,BELLS
SDSSJ2125+0411,0.363,0.978,1.20,0.90,,,1,1,247,17,BELLS
SDSSJ1545+2748,0.522,1.289,1.21,2.59,,,1,1,250,37,BELLS
SDSSJ1215+0047,0.642,1.297,1.37,0.65,,,1,1,262,45,BELLS
SDSSJ0830+5116,0.530,1.332,1.14,0.97,,,1,1,268,36,BELLS
SDSSJ1631+1854,0.408,1.086,1.63,1.43,,,1,1,272,14,BELLS
SDSSJ2303+0037,0.458,0.936,1.02,1.35,,,1,1,274,31,BELLS
SDSSJ0747+4448,0.437,0.897,0.61,0.92,,,1,1,281,52,BELLS
SDSSJ2122+0409,0.626,1.452,1.58,0.90,,,1,1,324,56,BELLS
SDSSJ0747+5055,0.438,0.898,0.75,1.09,,,1,1,328,60,BELLS
SDSSJ0029+2544,0.5869,2.4504,1.34,0.49,,,1,1,241,45,BELLS GALLERY
SDSSJ0201+3228,0.3957,2.8209,1.70,2.32,,,1,1,256,20,BELLS GALLERY
SDSSJ0237-0641,0.4859,2.2491,0.65,1.05,,,1,1,290,89,BELLS GALLERY
SDSSJ0742+3341,0.4936,2.3633,1.22,0.89,,,1,1,218,28,BELLS GALLERY
SDSSJ0755+3445,0.7224,2.6347,2.05,2.89,,,1,1,272,52,BELLS GALLERY
SDSSJ0856+2010,0.5074,2.2335,0.98,0.51,,,1,1,334,54,BELLS GALLERY
SDSSJ0918+5104,0.5811,2.4030,1.60,0.57,,,1,1,298,49,BELLS GALLERY
SDSSJ1110+2808,0.6073,2.3999,0.98,1.45,,,1,1,191,39,BELLS GALLERY
SDSSJ1116+0915,0.5501,2.4536,1.03,0.98,,,1,1,274,55,BELLS GALLERY
SDSSJ1141+2216,0.5858,2.7624,1.27,0.44,,,1,1,285,44,BELLS GALLERY
SDSSJ1201+4743,0.5628,2.1258,1.18,0.48,,,1,1,239,43,BELLS GALLERY
SDSSJ1226+5457,0.4980,2.7322,1.37,0.56,,,1,1,248,26,BELLS GALLERY
SDSSJ2228+1205,0.5305,2.8324,1.28,0.53,,,1,1,255,50,BELLS GALLERY
SDSSJ2342-0120,0.5270,2.2649,1.11,1.75,,,1,1,274,43,BELLS GALLERY
